<?xml version="1.0"?>
<rocket_engine name="Lambda-4S Third Stage">
  <isp> 249.0 </isp>
  <builduptime> 0.01 </builduptime>
  <variation>
    <thrust>    0.0 </thrust>
    <total_isp> 0.0 </total_isp>
  </variation>
  <thrust_table name="propulsion/thrust_prop_remain" type="internal">
    <tableData><!--
      =========   =========
      Prop Burn    Thrust
      (Wt, lbs)    (lbf)
      =========   ========= -->
          0.1     10000.0
       1000.0     18000.0
       1210.0      8000.0
    </tableData>
  </thrust_table>
</rocket_engine>
