<?xml version="1.0" encoding="UTF-8"?>
<?xml-stylesheet type="text/xsl" href="http://jsbsim.sf.net/JSBSimScript.xsl"?>
<runscript xmlns:xsi="http://www.w3.org/2001/XMLSchema-instance" xsi:noNamespaceSchemaLocation="http://jsbsim.sf.net/JSBSimScript.xsd"
  name="Lambda-4S-5">

  <use aircraft="lambda" initialize="kagoshima"/>

  <run start="0.0" end="180" dt="0.001">
    <description>
      Lambda-4S-5 Launch
    </description>

    <!-- start off on the ground -->
    <property value="1"> forces/hold-down </property>

    <!-- Ignition -->
    <event name="Start Solid Rocket Boosters">
        <condition>simulation/sim-time-sec  ge  1.0</condition>
        <set name="fcs/throttle-cmd-norm[0]" value="1.0"/>
        <set name="fcs/throttle-cmd-norm[1]" value="1.0"/>
        <set name="fcs/throttle-cmd-norm[2]" value="1.0"/>
        <notify/>
    </event>

    <!-- Liftoff -->
    <event name="Release">
      <condition>forces/fbx-prop-lbs gt inertia/weight-lbs</condition>
      <set name="forces/hold-down" value="0"/>
      <notify/>
    </event>

    <!-- Burnouts -->
    <event name="First Stage Burnout">
      <condition>propulsion/tank[2]/contents-lbs lt 1</condition>
      <notify>
        <property caption="Altitude [m]">     position/h-sl-meters               </property>
        <property caption="Downrange [m]">     position/distance-from-start-mag-mt</property>
      </notify>
    </event>
    <event name="Second Stage Burnout">
      <condition>propulsion/tank[3]/contents-lbs lt 1</condition>
      <notify>
        <property caption="Altitude [m]">     position/h-sl-meters               </property>
        <property caption="Downrange [m]">     position/distance-from-start-mag-mt</property>
      </notify>
    </event>
    <event name="Third Stage Burnout">
      <condition>propulsion/tank[4]/contents-lbs lt 1</condition>
      <notify>
        <property caption="Altitude [m]">     position/h-sl-meters               </property>
        <property caption="Downrange [m]">     position/distance-from-start-mag-mt</property>
      </notify>
    </event>
    <!-- Booster Sep-->
    <event name="Drop Boosters">
      <condition logic="OR">
        guidance/executive/left-srb-sep-flag eq 1
        guidance/executive/right-srb-sep-flag eq 1
      </condition>
      <set name="inertia/pointmass-weight-lbs[3]" value="0"/>
      <set name="inertia/pointmass-weight-lbs[4]" value="0"/>
      <notify>
          <property caption="Altitude [m]">     position/h-sl-meters               </property>
          <property caption="Downrange [m]">     position/distance-from-start-mag-mt</property>
        <property caption="Total Mass [lbs]">     inertia/weight-lbs              </property>
      </notify>
    </event>

    <!-- 1st Sep-->
    <event name="First Stage Seperation">
      <condition>
        guidance/executive/first-stage-sep-flag eq 1
      </condition>
      <set name="inertia/pointmass-weight-lbs[5]" value="0"/>
      <notify>
          <property caption="Altitude [m]">     position/h-sl-meters               </property>
          <property caption="Downrange [m]">     position/distance-from-start-mag-mt</property>
        <property caption="Total Mass [lbs]">     inertia/weight-lbs              </property>
      </notify>
    </event>

    <!-- Second Stage Ignition -->
    <event name="Second Stage Ignition">
      <condition>
        guidance/executive/sec-stage-ig-flag eq 1
      </condition>
      <set name="fcs/throttle-cmd-norm[3]" value="1.0"/>
      <notify>
        <property caption="Altitude [m]">     position/h-sl-meters               </property>
        <property caption="Downrange [m]">     position/distance-from-start-mag-mt</property>
      </notify>
    </event>

    <!-- 2st Sep-->
    <event name="Second Stage Seperation">
      <condition>
        guidance/executive/sec-stage-sep-flag eq 1
      </condition>
      <set name="inertia/pointmass-weight-lbs[2]" value="0"/>
      <notify>
          <property caption="Altitude [m]">     position/h-sl-meters               </property>
          <property caption="Downrange [m]">     position/distance-from-start-mag-mt</property>
        <property caption="Total Mass [lbs]">     inertia/weight-lbs              </property>
      </notify>
    </event>

    <!-- Third Stage Ignition -->
    <event name="Third Stage Ignition">
      <condition>
        guidance/executive/third-stage-ig-flag eq 1
      </condition>
      <set name="fcs/throttle-cmd-norm[4]" value="1.0"/>
      <notify>
        <property caption="Altitude [m]">     position/h-sl-meters               </property>
        <property caption="Downrange [m]">     position/distance-from-start-mag-mt</property>
      </notify>
    </event>

  </run>
</runscript>
